enabled,id,date,displayDate,sequence,forceId,type,title,description,locationName,lat,lng,participants,importance,sourceIds,certainty,notes,result,casualties,redJoined,redLosses,enemyDefeated,distanceLi,victory,poemLine,poemTitle,poemText,titleEn,descriptionEn,locationNameEn
TRUE,en_19341010_encirclement,19341010,19341010,2,enemy_kmt,围堵,第五次“围剿”后敌军压迫中央苏区,中央苏区第五次反“围剿”失利后，国民党军继续压迫和封锁中央苏区，中央红军被迫实行战略转移。,江西中央苏区周边,25.88,116.03,国民党军; 中央红军,4,src_cpc_century; src_epic_people,medium,,,,,,,,,,,,Enemy pressure around the Central Soviet Area after the fifth encirclement campaign,"After the failure of the fifth counter-encirclement campaign, Nationalist forces kept pressing and blockading the Central Soviet Area, forcing strategic transfer.","Central Soviet Area, Jiangxi"
TRUE,rf_19341010_ruijin,19341010,19341010,2,red_first,启程,中央红军主力开始战略转移,中共中央、中革军委率中央红军主力从中央苏区出发，开始战略转移。数据以瑞金、于都一带作为可视化起点，实际出发涉及多地集结与渡河。,江西瑞金/于都一带,25.88,116.03,毛泽东; 周恩来; 朱德; 博古; 李德,5,src_cpc_century,medium,,,,86000,,,0,,,,,Red First Front Army: Start at 江西瑞金/于都一带,This node marks a start event on the Red First Front Army route near 江西瑞金/于都一带 (19341010).,
TRUE,rf_19341017_yudu,19341017,19341017,3,red_first,渡河,中央红军渡过于都河,中央红军从于都等地夜渡于都河，离开中央苏区腹地。此点用于把起点从政治中心推进到实际行军路线。,江西于都,25.95,115.42,中央红军主力; 于都群众,5,src_cpc_century,medium,,,,,,,350,,,,,Red First Front Army: River crossing at 江西于都,This node marks a river crossing event on the Red First Front Army route near 江西于都 (19341017).,
TRUE,rf_19341021_first_blockade,19341021,19341021,21,red_first,突围,突破第一道封锁线,中央红军离开中央苏区后，先后突破敌军数道封锁线，继续向湘粤桂边界推进。,赣南安远/信丰一带,25.13,115.39,中央红军,3,src_cpc_century,medium,,突破封锁线,,,,,,,,,,Red First Front Army: Breakthrough at 赣南安远/信丰一带,This node marks a breakthrough event on the Red First Front Army route near 赣南安远/信丰一带 (19341021).,
TRUE,sha_19341107_nanliang,19341107,19341107,1,shaanbei_red,根据,南梁革命根据地建设推进,陕甘边革命根据地以南梁为中心逐步发展，为后续陕甘、陕北革命根据地联结奠定基础。此类节点用于说明长征最终落脚点并非凭空出现，而是由西北红军长期开拓形成。,甘肃华池南梁,36.5,108.0,刘志丹; 习仲勋; 陕甘边军民,4,src_shaanbei_12371; src_liuzhidan_mva,month,,,,,,,,,,,,Shaan-Gan: Base building at 甘肃华池南梁,This node marks a base building event on the Shaan-Gan route near 甘肃华池南梁 (19341107).,
TRUE,rf_19341115_third_blockade,19341115,19341115,38,red_first,突围,连续突破第三道封锁线,中央红军向湘江方向推进，连续突破敌军封锁，但部队在持续追击与堵截中消耗加重。,湘南宜章/临武一带,25.28,112.56,中央红军,3,src_cpc_century,medium,,,,,,,,,,,,Red First Front Army: Breakthrough at 湘南宜章/临武一带,This node marks a breakthrough event on the Red First Front Army route near 湘南宜章/临武一带 (19341115).,
TRUE,r25_19341116_hejiachong,19341116,19341116,4,red_25th,启程,红二十五军从何家冲开始长征,红二十五军高举北上抗日第二先遣队旗帜，从河南罗山何家冲出发，开始战略转移。,河南罗山何家冲,31.8,114.52,程子华; 吴焕先; 徐海东,5,src_red25_people; src_dushuzhen_people,medium,,,,2900,,,0,,,,,Red Twenty-Fifth Army: Start at 河南罗山何家冲,This node marks a start event on the Red Twenty-Fifth Army route near 河南罗山何家冲 (19341116).,
TRUE,r25_19341126_dushuzhen,19341126,19341126,5,red_25th,战斗,红二十五军独树镇战斗,红二十五军在河南方城独树镇七里岗附近遭优势敌军包围，27日冲出包围，保存有生力量。,河南方城独树镇,33.3,113.05,吴焕先; 程子华; 徐海东,5,src_dushuzhen_people,medium,,,,,,,,,,,,Red Twenty-Fifth Army: Battle at 河南方城独树镇,This node marks a battle event on the Red Twenty-Fifth Army route near 河南方城独树镇 (19341126).,
TRUE,en_19341127_xiangjiang_block,19341127,19341127,6,enemy_kmt,封锁,湘江一线形成多重封锁,敌军在湘江沿线形成严密封锁，试图截断中央红军西进通道，湘江战役由此成为长征初期最惨烈的战役之一。,广西全州湘江一线,25.95,111.07,国民党军; 中央红军,5,src_epic_people; src_cpc_century,medium,,,,,,,,,,,,Multiple blockade lines form along the Xiang River,"Enemy forces formed dense blockades along the Xiang River, attempting to cut off the westward movement of the Central Red Army.","Xiang River line, Guangxi"
TRUE,rf_19341127_xiangjiang,19341127,19341127,6,red_first,战役,湘江战役开始,中央红军突破第四道封锁线，在湘江两岸付出重大代价。渡过湘江后，中央红军由出发时8.6万余人锐减至3万余人。,广西兴安/全州湘江一线,25.6,110.65,中央红军; 红五军团后卫部队,5,src_cpc_century,medium,,,湘江战役后中央红军由8万余人锐减至约3万余人，损失极为惨重。,,50000,,4200,,,,,Red First Front Army: Campaign at 广西兴安/全州湘江一线,This node marks a campaign event on the Red First Front Army route near 广西兴安/全州湘江一线 (19341127).,
TRUE,rf_19341130_xiangjiang_cover,19341130,19341130,7,red_first,牺牲,红三十四师等部血战湘江，掩护主力突围,湘江战役中，红五军团第34师和红三军团第18团等部担负掩护任务，与数倍敌军苦战，大部壮烈牺牲。,广西全州湘江一线,25.95,111.07,红三十四师; 红十八团; 陈树湘,5,src_epic_people; src_chenshuxiang_xinhua,medium,,,红三十四师等部大部牺牲,,,,,,,,,The 34th Division fights at the Xiang River to cover the main force,"During the Xiang River Campaign, the 34th Division and related covering units fought against overwhelming enemy forces, suffering devastating losses while protecting the main column.","Xiang River area, Quanzhou, Guangxi"
TRUE,rf_19341201_wuling,19341201,19341201,50,red_first,险阻,越过五岭余脉，湘江突围后继续西进,湘江战役后，中央红军在五岭山地间艰难西进。山川阻隔与敌军追堵交织，长征的艰难在此集中展开。,桂北越城岭一带,25.52,110.75,中央红军,4,src_qilv_people; src_qilv_dangjian_2024,medium,,,,,,,,,五岭逶迤腾细浪,五岭并非细浪,五岭山地横亘南方，行军并不轻松。诗句把连绵山脉写成“细浪”，显出红军面对万水千山的气魄。,Red First Front Army: Hardship at 桂北越城岭一带,This node marks a hardship event on the Red First Front Army route near 桂北越城岭一带 (19341201).,
TRUE,rf_19341210_chenshuxiang,19341210,19341210,8,red_first,牺牲,陈树湘壮烈牺牲，红三十四师成为“绝命后卫”,红三十四师师长陈树湘在湘江突围后负伤被俘，最终壮烈牺牲。“为苏维埃流尽最后一滴血”的事迹成为长征壮烈精神的重要象征。,湖南道县一带,25.52,111.6,陈树湘; 红三十四师,5,src_chenshuxiang_xinhua; src_epic_people,medium,,,,,,,,,,,,Chen Shuxiang dies after the Xiang River breakout,"Chen Shuxiang, commander of the 34th Division, was wounded and captured after the Xiang River breakout and died heroically, becoming a symbol of sacrifice on the Long March.","Daoxian area, Hunan"
TRUE,r25_19341210_funiushan,19341210,19341210,9,red_25th,转进,红二十五军越过伏牛山，转入豫陕边,独树镇突围后，红二十五军向伏牛山、豫陕边转进，开始在鄂豫陕边创建新的活动空间。,河南伏牛山一带,33.7,111.5,程子华; 吴焕先; 徐海东; 红二十五军,4,src_red25_people; src_dushuzhen_people,medium,,,,,,,,,,,,The 25th Red Army crosses the Funiu Mountains toward the Henan-Shaanxi border,"After breaking through at Dushuzhen, the 25th Red Army moved into the Funiu Mountains and the Henan-Shaanxi border region.","Funiu Mountains, Henan"
TRUE,r25_19341226_yujiahe,19341210,19341210,9,red_25th,会议,红二十五军庾家河会议后转入鄂豫陕,红二十五军在转战中调整战略方向，推动创建鄂豫陕根据地，并继续承担北上抗日先遣队角色。,陕西商洛庾家河,33.62,110.0,程子华; 吴焕先; 徐海东,4,src_red25_people; src_red25_base_ujn,medium,,,,,,,,,,,,Red Twenty-Fifth Army: Meeting at 陕西商洛庾家河,This node marks a meeting event on the Red Twenty-Fifth Army route near 陕西商洛庾家河 (19341210).,
TRUE,rf_19341212_tongdao,19341212,19341212,7,red_first,会议,通道会议调整进军方向,中央红军在湘桂黔边境转向贵州方向，避免继续按原计划与敌重兵相撞。此节点作为遵义会议前军事路线调整的铺垫。,湖南通道,26.16,109.78,毛泽东; 周恩来; 朱德,4,src_cpc_century,medium,,,,,,,,,,,,Red First Front Army: Meeting at 湖南通道,This node marks a meeting event on the Red First Front Army route near 湖南通道 (19341212).,
TRUE,rf_19341218_liping,19341218,19341218,8,red_first,会议,黎平会议决定向黔北进军,中央政治局在黎平召开会议，采纳向黔北进军的主张，为后续占领遵义和召开遵义会议创造条件。,贵州黎平,26.23,109.13,毛泽东; 周恩来; 朱德; 张闻天,4,src_cpc_century,medium,,,,,,,,,,,,Red First Front Army: Meeting at 贵州黎平,This node marks a meeting event on the Red First Front Army route near 贵州黎平 (19341218).,
TRUE,rf_19350101_houchang,19350101,19350101,102,red_first,会议,猴场会议限制军事指挥权集中于少数人,猴场会议要求重大军事行动须经中央政治局讨论，为遵义会议前进一步纠正错误指挥创造条件。,贵州瓮安猴场,27.1,107.48,中共中央政治局; 中央红军,5,src_cpc_century,medium,,,,,,,,,,,,Red First Front Army: Meeting at 贵州瓮安猴场,This node marks a meeting event on the Red First Front Army route near 贵州瓮安猴场 (19350101).,
TRUE,rf_19350107_zunyi_city,19350107,19350107,10,red_first,到达,中央红军占领遵义,中央红军进入遵义，为召开具有转折意义的遵义会议创造条件。,贵州遵义,27.73,106.92,中央红军,4,src_zunyi_hunan,medium,,,,,,,,,,,,Red First Front Army: Arrival at 贵州遵义,This node marks a arrival event on the Red First Front Army route near 贵州遵义 (19350107).,
TRUE,en_19350110_zunyi_pressure,19350110,19350110,12,enemy_kmt,追堵,敌军向黔北追堵，遵义周边压力上升,中央红军进入黔北后，敌军继续向遵义周边压迫。军事危局与路线调整共同构成遵义会议的背景。,贵州遵义周边,27.69,106.93,国民党军; 中央红军,4,src_party_chronology_xinhua; src_epic_people,medium,,,,,,,,,,,,Enemy pressure rises around Zunyi,"After the Central Red Army entered northern Guizhou, enemy pressure continued around Zunyi, forming the military context of the Zunyi Meeting.","Zunyi area, Guizhou"
TRUE,r25_19350110_eyushan_base,19350110,19350110,13,red_25th,根据,红二十五军开辟鄂豫陕根据地,红二十五军进入鄂豫陕边后，依托山地与群众工作创建新的游击根据地，形成“星星之火”式的支线铺开。,鄂豫陕边区,33.65,110.6,红二十五军; 鄂豫陕边群众,4,src_red25_people,medium,,,,,,,,,,,,The 25th Red Army develops the Hubei-Henan-Shaanxi base area,"In the border region, the 25th Red Army developed a new guerrilla base through mountain warfare and mass work.",Hubei-Henan-Shaanxi border region
TRUE,rf_19350115_zunyi_meeting,19350115,19350115,11,red_first,会议,遵义会议召开,中共中央政治局在遵义召开扩大会议，集中解决军事和组织问题，结束王明“左”倾教条主义在中共中央的统治，确立毛泽东在党和红军中的领导地位。,贵州遵义,27.73,106.92,毛泽东; 张闻天; 周恩来; 朱德; 王稼祥; 博古; 李德,5,src_zunyi_hunan,medium,,,,,,,,,,,,Red First Front Army: Meeting at 贵州遵义,This node marks a meeting event on the Red First Front Army route near 贵州遵义 (19350115).,
TRUE,rf_19350128_tucheng,19350128,19350128,130,red_first,战斗,土城战斗后调整渡江计划,土城战斗未能达到预期，中央红军随即调整行动，转而西渡赤水，拉开四渡赤水机动作战序幕。,贵州习水土城,28.33,106.2,毛泽东; 周恩来; 朱德; 中央红军,4,src_cpc_century,medium,,,,,,,,,,,,Red First Front Army: Battle at 贵州习水土城,This node marks a battle event on the Red First Front Army route near 贵州习水土城 (19350128).,
TRUE,rf_19350129_tucheng_chishui1,19350129,19350129,12,red_first,战役,一渡赤水，转入川南,中央红军在土城战斗后西渡赤水，开启四渡赤水机动作战。,贵州土城/赤水河,28.17,106.17,毛泽东; 朱德; 周恩来; 中央红军,5,src_zunyi_hunan,medium,,,,,,,,,,,,Red First Front Army: Campaign at 贵州土城/赤水河,This node marks a campaign event on the Red First Front Army route near 贵州土城/赤水河 (19350129).,
TRUE,r25_19350131_caiyuyao,19350131,19350131,145,red_25th,战斗,蔡玉窑战斗重创追敌,春节前后，红二十五军在陕南连续作战，为创建鄂豫陕根据地打开局面。,陕西柞水蔡玉窑一带,33.68,109.13,红二十五军,4,src_red25_base_ujn,medium,,取得战斗胜利,,,,,,TRUE,,,,Red Twenty-Fifth Army: Battle at 陕西柞水蔡玉窑一带,This node marks a battle event on the Red Twenty-Fifth Army route near 陕西柞水蔡玉窑一带 (19350131).,
TRUE,en_19350201_chishui_pursuit,19350201,19350201,132,enemy_kmt,追堵,川黔敌军围堵赤水河流域,中央红军一渡赤水后，国民党军调集多路部队试图在川黔边界围堵红军。,川黔赤水河流域,28.58,105.7,国民党军; 中央红军,3,src_cpc_century,medium,,,,,,,,,,,,KMT forces: Pursuit at 川黔赤水河流域,This node marks a pursuit event on the KMT forces route near 川黔赤水河流域 (19350201).,
TRUE,rf_19350205_hezizhen,19350205,19350205,15,red_first,生活,贺子珍川南生女并含泪托孤,中央红军转战川南古蔺一带时，贺子珍生下一名女婴。因部队急行军和敌情紧迫，孩子被寄养当地群众家中，个体命运折射长征的人间苦难。,四川古蔺白沙场一带,28.04,105.81,贺子珍; 毛泽东; 当地群众,4,src_hezizhen_people,medium,,,,,,,,,,,,He Zizhen gives birth in southern Sichuan and entrusts the child to locals,"In the Gulin area of southern Sichuan, He Zizhen gave birth during the march. Under urgent military pressure, the infant was entrusted to local people, reflecting the human suffering behind the campaign.","Baishachang area, Gulin, Sichuan"
TRUE,r25_19350205_wengongling,19350205,19350205,155,red_25th,战斗,文公岭战斗奠定陕南根据地基础,红二十五军在文公岭一带打击陕军，为建立第二块革命根据地创造条件。,陕西蓝田文公岭一带,34.05,109.33,吴焕先; 程子华; 徐海东; 红二十五军,4,src_red25_base_ujn,medium,,重创陕军第126旅相关部队,,,,,,TRUE,,,,Red Twenty-Fifth Army: Battle at 陕西蓝田文公岭一带,This node marks a battle event on the Red Twenty-Fifth Army route near 陕西蓝田文公岭一带 (19350205).,
TRUE,rf_19350209_zhaxi,19350209,19350209,16,red_first,会议,扎西会议继续调整中央领导与军事部署,遵义会议后，中央红军向川滇黔边转进，在扎西一带继续讨论组织分工、军事行动和根据地问题，推动遵义会议精神落实。,云南威信扎西,27.85,105.05,毛泽东; 周恩来; 张闻天; 中共中央政治局,4,src_party_chronology_xinhua; src_cpc_century,medium,,,,,,,,,,,,The Zhaxi meetings continue organizational and military adjustments,"After the Zunyi Meeting, the Central Red Army moved through the Sichuan-Yunnan-Guizhou border area; meetings near Zhaxi continued the adjustment of leadership and military deployment.","Zhaxi, Weixin, Yunnan"
TRUE,sha_19350215_shangang_unify,19350215,19350215,14,shaanbei_red,根据,陕甘边与陕北革命根据地统一为陕甘革命根据地,陕甘边革命根据地与陕北革命根据地统一为陕甘革命根据地，又称西北革命根据地，成为土地革命战争后期保存较完整的重要根据地。,陕甘边/陕北根据地,36.6,108.8,刘志丹; 谢子长; 习仲勋; 陕甘边军民,5,src_shaanbei_12371; src_liuzhidan_mva,month,,,,,,,,,,,,Shaan-Gan: Base building at 陕甘边/陕北根据地,This node marks a base building event on the Shaan-Gan route near 陕甘边/陕北根据地 (19350215).,
TRUE,rf_19350218_taipingdu_chishui2,19350218,19350218,13,red_first,战役,二渡赤水，回师黔北,中央红军由太平渡、二郎滩等地二渡赤水，回师黔北，寻机打击敌军。,贵州习水太平渡,28.15,106.24,中央红军,5,src_zunyi_hunan,medium,,,,,,,,,,,,Red First Front Army: Campaign at 贵州习水太平渡,This node marks a campaign event on the Red First Front Army route near 贵州习水太平渡 (19350218).,
TRUE,rf_19350225_loushanguan,19350225,19350225,15,red_first,战斗,娄山关战斗与遵义大捷,中央红军夺取娄山关并再克遵义，是长征以来一次重要胜利，提振士气。,贵州娄山关,28.13,106.86,中央红军,5,src_zunyi_hunan,medium,,,,,,,,TRUE,,,,Red First Front Army: Battle at 贵州娄山关,This node marks a battle event on the Red First Front Army route near 贵州娄山关 (19350225).,
TRUE,rf_19350227_dengping,19350227,19350227,180,red_first,牺牲,邓萍在遵义城下侦察敌情时牺牲,红三军团参谋长邓萍在遵义战役前线侦察敌情时中弹牺牲，是长征途中牺牲的红军高级指挥员之一。,贵州遵义老城,27.7,106.93,邓萍; 张爱萍; 红三军团,5,src_dengping_people_2025; src_zunyi_hunan,high,,,邓萍牺牲，年仅27岁。,,,,,,,,,Red First Front Army: Sacrifice at 贵州遵义老城,This node marks a sacrifice event on the Red First Front Army route near 贵州遵义老城 (19350227).,
TRUE,rf_19350310_gouba,19350310,19350310,19,red_first,会议,苟坝会议围绕作战方针展开争论,中央红军在遵义以南苟坝一带召开会议，围绕是否进攻打鼓新场等问题展开争论。该节点用于表现长征中的军事决策并非线性推进，而是在危局中反复权衡。,贵州遵义苟坝,27.48,106.72,毛泽东; 周恩来; 朱德; 中共中央负责人,4,src_party_chronology_xinhua; src_cpc_century,medium,,,,,,,,,,,,The Gouba Meeting debates operational direction,"Near Gouba south of Zunyi, Red Army leaders debated operational choices under urgent military pressure, showing how decisions were repeatedly weighed amid crisis.","Gouba, Zunyi, Guizhou"
TRUE,rf_19350316_maotai_chishui3,19350316,19350316,16,red_first,战役,三渡赤水，西进川南,中央红军由茅台及其附近三渡赤水，再次造成敌军判断混乱。,贵州茅台,27.85,106.38,中央红军,4,src_zunyi_hunan,medium,,,,,,,,,,,,Red First Front Army: Campaign at 贵州茅台,This node marks a campaign event on the Red First Front Army route near 贵州茅台 (19350316).,
TRUE,en_19350320_chishui_encircle,19350320,19350320,20,enemy_kmt,围堵,赤水河两岸敌军重兵围堵,四渡赤水期间，中央红军在川黔滇边敌军重兵之间穿插机动，以不规则转进打乱围堵部署。,川黔赤水河流域,28.59,105.69,国民党军; 中央红军,5,src_epic_people; src_party_chronology_xinhua,medium,,,,,,,,,,,,Enemy forces attempt encirclement along the Chishui River,"During the Four Crossings of the Chishui, the Central Red Army maneuvered through heavy enemy pressure in the Sichuan-Guizhou-Yunnan border region.",Chishui River region
TRUE,rf_19350321_erlangtan_chishui4,19350321,19350321,17,red_first,战役,四渡赤水，跳出重围,中央红军四渡赤水，佯动与机动结合，摆脱敌军围追堵截。,贵州二郎滩,28.12,106.28,中央红军,5,src_zunyi_hunan,medium,,,,,,,,,,,,Red First Front Army: Campaign at 贵州二郎滩,This node marks a campaign event on the Red First Front Army route near 贵州二郎滩 (19350321).,
TRUE,r4_19350328_jialingjiang,19350328,19350328,18,red_fourth,战役,红四方面军强渡嘉陵江,红四方面军发起嘉陵江战役，突破嘉陵江防线。以此作为红四方面军战略转移的可视化起点；另有口径将放弃川陕苏区后的5月初作为长征起点。,四川苍溪嘉陵江,31.73,105.93,徐向前; 陈昌浩; 红四方面军,5,src_meetings_xinhua,口径有差异,,,,,,,,,,,,Red Fourth Front Army: Campaign at 四川苍溪嘉陵江,This node marks a campaign event on the Red Fourth Front Army route near 四川苍溪嘉陵江 (19350328).,
TRUE,rf_19350329_wujiang_south,19350329,19350329,19,red_first,渡河,南渡乌江，佯逼贵阳,中央红军南渡乌江并向贵阳方向运动，调动敌军，为西进云南、北渡金沙江创造条件。,贵州乌江一线,27.3,106.7,中央红军,4,src_zunyi_hunan,medium,,,,,,,,,,,,Red First Front Army: River crossing at 贵州乌江一线,This node marks a river crossing event on the Red First Front Army route near 贵州乌江一线 (19350329).,
TRUE,rf_19350331_guiyang,19350331,19350331,220,red_first,转进,佯逼贵阳，调动敌军,中央红军南渡乌江后佯逼贵阳，迫使敌军调动，为随后西进云南、巧渡金沙江创造条件。,贵州贵阳周边,26.65,106.63,中央红军; 国民党军,4,src_cpc_century,medium,,,,,,,,,,,,Red First Front Army: March at 贵州贵阳周边,This node marks a march event on the Red First Front Army route near 贵州贵阳周边 (19350331).,
TRUE,rf_19350409_kunming,19350409,19350409,230,red_first,转进,兵临昆明，迫使敌军回援,中央红军向昆明方向急进，制造威胁，调动云南方向敌军，为北渡金沙江赢得时间。,云南昆明周边,25.04,102.71,中央红军,4,src_cpc_century,medium,,,,,,,,,,,,Red First Front Army: March at 云南昆明周边,This node marks a march event on the Red First Front Army route near 云南昆明周边 (19350409).,
TRUE,r25_19350418_huayang,19350418,19350418,24,red_25th,根据,红二十五军在华阳一带开展群众工作,红二十五军在秦岭南麓与陕南地区活动，通过宣传抗日、发动群众和扩充队伍，推动鄂豫陕根据地继续发展。,陕西洋县华阳,33.59,107.54,红二十五军; 当地群众,3,src_red25_people,medium,,,,,,,,,,,,The 25th Red Army carries out mass work near Huayang,"Near Huayang in southern Shaanxi, the 25th Red Army promoted anti-Japanese propaganda, mobilized local people and expanded its forces.","Huayang, Yangxian, Shaanxi"
TRUE,r4_19350421_jialing_end,19350421,19350421,23,red_fourth,战役,嘉陵江战役结束，红四方面军控制大片区域,红四方面军强渡嘉陵江后，历时二十余日作战，向川甘边推进并控制大片地区，为后续西进与会师创造条件。,四川苍溪至阆中一线,31.74,105.93,徐向前; 陈昌浩; 红四方面军,4,src_epic_people; src_meetings_xinhua,medium,,,,,,,,,,,,The Jialing River Campaign ends with the Fourth Front Army pushing west,"After crossing the Jialing River, the Fourth Front Army fought for more than twenty days and pushed toward the Sichuan-Gansu border.","Cangxi-Langzhong line, Sichuan"
TRUE,en_19350428_jinsha_block,19350428,19350428,27,enemy_kmt,封锁,云南方向试图封锁金沙江渡口,中央红军逼近金沙江时，敌军试图依托江防和地方部队封锁渡口。红军快速机动抢占渡口，跳出包围圈。,云南皎平渡附近,26.29,102.94,国民党军; 中央红军,4,src_epic_people; src_party_chronology_xinhua,medium,,,,,,,,,,,,Enemy forces attempt to block Jinsha River crossings,"As the Red Army approached the Jinsha River, enemy forces tried to block the ferries, but rapid maneuver secured crossing points.","Jiaopingdu area, Yunnan"
TRUE,rf_19350429_jiaopingdu_start,19350429,19350429,20,red_first,渡河,巧渡金沙江开始,中央红军抢占金沙江渡口，准备利用少量船只渡江，摆脱南岸追兵。,云南禄劝皎平渡,26.13,102.52,中央红军,5,src_zunyi_hunan; src_qilv_dangjian_2024; src_qilv_people,medium,,,,,,,,,金沙水拍云崖暖,金沙江的“暖”,在皎平渡一带渡过金沙江后，中央红军甩开追敌，获得战略主动。诗句中的“暖”，指向绝处逢生后的舒展与希望。,Red First Front Army: River crossing at 云南禄劝皎平渡,This node marks a river crossing event on the Red First Front Army route near 云南禄劝皎平渡 (19350429).,
TRUE,r4_19350501_leave_soviet_area,19350501,19350501,21,red_fourth,转进,红四方面军离开川陕根据地向西转移,红四方面军在嘉陵江战役后继续向川西北转移，与中央红军会合。该节点用于补足红四方面军从嘉陵江向懋功的路线段。,四川广元/剑阁一带,32.23,105.83,徐向前; 陈昌浩; 张国焘,4,src_meetings_xinhua,approximate,,,,,,,,,,,,Red Fourth Front Army: March at 四川广元/剑阁一带,This node marks a march event on the Red Fourth Front Army route near 四川广元/剑阁一带 (19350501).,
TRUE,rf_19350503_jinsha_crossing,19350503,19350503,22,red_first,渡河,中央红军主力渡过金沙江,1935年5月3日至9日，中央红军仅凭少量渡船连续渡过金沙江，摆脱敌军重兵围追堵截。,云南皎平渡,26.13,102.52,中央红军,5,src_zunyi_hunan; src_qilv_dangjian_2024; src_qilv_people,medium,,,,,,,,,金沙水拍云崖暖,金沙江的“暖”,在皎平渡一带渡过金沙江后，中央红军甩开追敌，获得战略主动。诗句中的“暖”，指向绝处逢生后的舒展与希望。,Red First Front Army: River crossing at 云南皎平渡,This node marks a river crossing event on the Red First Front Army route near 云南皎平渡 (19350503).,
TRUE,r25_19350505_base4,19350505,19350505,282,red_25th,根据,鄂豫陕根据地初步形成四块区域,至1935年5月初，红二十五军在三省边界地区建立多块根据地，红军长征在途中播撒新的革命火种。,鄂豫陕边区商洛一带,33.87,109.94,红二十五军; 地方群众,4,src_red25_base_ujn,medium,,,,,,,,,,,,Red Twenty-Fifth Army: Base building at 鄂豫陕边区商洛一带,This node marks a base building event on the Red Twenty-Fifth Army route near 鄂豫陕边区商洛一带 (19350505).,
TRUE,rf_19350512_huili,19350512,19350512,25,red_first,会议,会理会议总结机动作战经验,中央红军渡过金沙江后在会理一带召开会议，总结渡江与机动作战经验，统一认识，准备继续北上。,四川会理,26.66,102.24,毛泽东; 周恩来; 朱德; 中央红军领导层,4,src_party_chronology_xinhua; src_cpc_century,medium,,,,,,,,,,,,The Huili Meeting reviews mobile warfare after the Jinsha crossing,"After crossing the Jinsha River, leaders met around Huili to review mobile warfare and prepare for the northward march.","Huili, Sichuan"
TRUE,rf_19350522_yihai_alliance,19350522,19350522,23,red_first,民族,刘伯承与小叶丹彝海结盟,中央红军进入凉山彝族地区后，严格执行民族纪律。刘伯承与彝族果基部落首领小叶丹在彝海边按彝族习俗歃血为盟，小叶丹派向导带路，帮助红军顺利通过彝族地区。,四川冕宁彝海,28.78,102.17,刘伯承; 小叶丹; 彝族向导; 中央红军先遣队,5,src_yihai_people,medium,,,,,,,,,,,,Red First Front Army: Alliance at 四川冕宁彝海,This node marks a alliance event on the Red First Front Army route near 四川冕宁彝海 (19350522).,
TRUE,rfour_19350522_tumen,19350522,19350522,330,red_fourth,战役,土门战役胜利，打破北川河谷封锁,红四方面军发动土门战役，打破敌军固守北川河谷的企图，向岷江上游推进。,四川北川土门一带,31.85,104.45,红四方面军,5,src_redfourth_sichuan,medium,,歼敌10000余人,,,,10000,,TRUE,,,,Red Fourth Front Army: Campaign at 四川北川土门一带,This node marks a campaign event on the Red Fourth Front Army route near 四川北川土门一带 (19350522).,
TRUE,rf_19350525_anshunchang,19350525,19350525,24,red_first,战斗,强渡大渡河,刘伯承、聂荣臻等指挥先遣部队在安顺场强渡大渡河，为红军北上打开通道。,四川石棉安顺场,29.23,102.35,刘伯承; 聂荣臻; 孙继先; 十八勇士,5,src_zunyi_hunan,medium,,,,,,,,,,,,Red First Front Army: Battle at 四川石棉安顺场,This node marks a battle event on the Red First Front Army route near 四川石棉安顺场 (19350525).,
TRUE,en_19350525_dadu_block,19350525,19350525,30,enemy_kmt,封锁,大渡河一线敌军封锁与追击,红军逼近大渡河、泸定桥时，敌军试图借天险阻截。强渡大渡河和飞夺泸定桥成为突破天险封锁的关键节点。,四川安顺场—泸定桥一线,29.23,102.23,国民党军; 中央红军,5,src_epic_people; src_party_chronology_xinhua,medium,,,,,,,,,,,,Enemy blockade along the Dadu River line,Enemy forces tried to use the Dadu River and Luding Bridge as natural barriers; the Red Army broke through by forced crossing and assault.,"Anshunchang-Luding line, Sichuan"
TRUE,rf_19350529_luding_bridge,19350529,19350529,25,red_first,战斗,飞夺泸定桥,红四团22名勇士冒着火力攀爬铁索，夺取泸定桥，保障红军主力渡过大渡河。,四川泸定桥,29.92,102.23,王开湘; 杨成武; 红四团22名勇士,5,src_zunyi_hunan; src_qilv_dangjian_2024; src_qilv_people,medium,,,,,,,,,大渡桥横铁索寒,铁索桥上的寒光,泸定桥横跨大渡河，铁索凌空、枪火交织。诗中的“寒”，凝聚了天险、火线与牺牲。,Red First Front Army: Battle at 四川泸定桥,This node marks a battle event on the Red First Front Army route near 四川泸定桥 (19350529).,
TRUE,rf_19350602_jiajinshan,19350602,19350602,26,red_first,险阻,中央红军翻越夹金山,中央红军翻越长征中的第一座大雪山夹金山，行军进入川西北高寒地区。,四川宝兴夹金山,30.37,102.82,中央红军,4,src_meetings_xinhua,medium,,,,,,,16500,,,,,Red First Front Army: Hardship at 四川宝兴夹金山,This node marks a hardship event on the Red First Front Army route near 四川宝兴夹金山 (19350602).,
TRUE,rf_19350612_davi_meeting,19350612,19350612,27,red_first,会师,红一、红四方面军前锋在达维会师,红一、红四方面军前锋部队在懋功东南的达维地区会师，形成长征途中的重要会师节点。,四川小金达维,30.92,102.49,红一方面军; 红四方面军,5,src_meetings_xinhua,medium,,,,,,,,,,,,Red First Front Army: Convergence at 四川小金达维,This node marks a convergence event on the Red First Front Army route near 四川小金达维 (19350612).,
TRUE,r4_19350612_davi_meeting,19350612,19350612,28,red_fourth,会师,红四方面军与中央红军达维会师,红四方面军前锋与中央红军在达维会师。该事件作为红四方面军路线独立连线终点之一，避免与中央红军路线混连。,四川小金达维,30.92,102.49,红四方面军; 红一方面军,5,src_meetings_xinhua,medium,,,,,,,,,,,,Red Fourth Front Army: Convergence at 四川小金达维,This node marks a convergence event on the Red Fourth Front Army route near 四川小金达维 (19350612).,
TRUE,r25_19350616_zijingguan,19350616,19350616,348,red_25th,战斗,紫荆关战斗突破敌军围攻,红二十五军在第二次反“围剿”中机动作战，取得紫荆关战斗胜利。,陕西山阳紫荆关一带,33.43,109.88,红二十五军,4,src_red25_base_ujn,medium,,突破围攻,,,,,,TRUE,,,,Red Twenty-Fifth Army: Battle at 陕西山阳紫荆关一带,This node marks a battle event on the Red Twenty-Fifth Army route near 陕西山阳紫荆关一带 (19350616).,
TRUE,rf_19350618_maogong_main,19350618,19350618,29,red_first,会师,中央红军主力到达懋功地区,中共中央、中革军委和红一方面军主力到达懋功地区，红一、红四两支主力会合。,四川懋功/小金,31.0,102.36,毛泽东; 周恩来; 朱德; 张国焘; 徐向前,5,src_meetings_xinhua,medium,,,,,,,,,,,,Red First Front Army: Convergence at 四川懋功/小金,This node marks a convergence event on the Red First Front Army route near 四川懋功/小金 (19350618).,
TRUE,rf_19350626_lianghekou,19350626,19350626,30,red_first,会议,两河口会议确定北上方针,中共中央政治局召开两河口会议，确定北上建立川陕甘根据地的战略方针。,四川小金两河口,31.35,102.35,毛泽东; 周恩来; 张国焘; 朱德,5,src_meetings_xinhua,medium,,,,,,,,,,,,Red First Front Army: Meeting at 四川小金两河口,This node marks a meeting event on the Red First Front Army route near 四川小金两河口 (19350626).,
TRUE,r4_19350626_lianghekou,19350626,19350626,34,red_fourth,会议,两河口会议明确共同北上方针,红一、红四方面军会合后召开两河口会议，确定集中主力向北发展、创建川陕甘根据地的方针。,四川小金两河口,31.02,102.5,中共中央; 红一方面军; 红四方面军,5,src_meetings_xinhua; src_party_chronology_xinhua,medium,,,,,,,,,,,,The Lianghekou Meeting affirms the northward strategy,"After the First and Fourth Front Armies met, the Lianghekou Meeting affirmed the strategy of moving north to create a Sichuan-Shaanxi-Gansu base.","Lianghekou, Xiaojin, Sichuan"
TRUE,en_19350701_red25_encirclement,19350701,19350701,390,enemy_kmt,围堵,敌军三十多个团围攻鄂豫陕根据地,红二十五军创建的鄂豫陕根据地遭敌军重兵围攻，红军以运动战和游击战各个击破。,鄂豫陕边区,33.65,109.7,国民党军; 红二十五军,3,src_red25_base_ujn,medium,,,,,,,,,,,,KMT forces: Encirclement at 鄂豫陕边区,This node marks a encirclement event on the KMT forces route near 鄂豫陕边区 (19350701).,
TRUE,r25_19350702_yuanjiagou,19350702,19350702,392,red_25th,战役,袁家沟口战斗歼灭陕军警备第一旅,红二十五军诱敌深入，在袁家沟口突然发起攻击，全歼陕军警备第一旅，成为其长征中俘敌数量最多的一次战斗。,陕西山阳袁家沟口,33.44,109.89,吴焕先; 程子华; 徐海东; 红二十五军,5,src_red25_yuanjiagou_people_2026,high,,毙伤敌300余人，俘敌1400余人,,,,1700,,TRUE,,,,Red Twenty-Fifth Army: Campaign at 陕西山阳袁家沟口,This node marks a campaign event on the Red Twenty-Fifth Army route near 陕西山阳袁家沟口 (19350702).,
TRUE,r25_19350713_weixi,19350713,19350713,405,red_25th,转进,北出终南山，威逼西安,红二十五军北出终南山，前锋直抵西安以南，牵动敌军部署并打破第二次“围剿”。,陕西西安南郊韦曲/子午镇,34.06,108.94,红二十五军,4,src_red25_base_ujn,medium,,,,,,,,,,,,Red Twenty-Fifth Army: March at 陕西西安南郊韦曲/子午镇,This node marks a march event on the Red Twenty-Fifth Army route near 陕西西安南郊韦曲/子午镇 (19350713).,
TRUE,r25_19350716_fengyukou,19350716,19350716,31,red_25th,转进,红二十五军从沣峪口西征北上,红二十五军决定西征甘肃、北上陕北，赴陕甘苏区与红二十六军会合，配合中央红军北上。,陕西长安沣峪口,34.02,108.78,吴焕先; 程子华; 徐海东,5,src_shaanbei_12371,medium,,,,,,,,,,,,Red Twenty-Fifth Army: March at 陕西长安沣峪口,This node marks a march event on the Red Twenty-Fifth Army route near 陕西长安沣峪口 (19350716).,
TRUE,rf_19350804_shawo,19350804,19350804,38,red_first,会议,沙窝会议部署红一、红四方面军混编北上,红一、红四方面军会合后，中央在沙窝一带继续讨论北上方针和部队编组，长征进入雪山草地与内部路线分歧交织的新阶段。,四川松潘沙窝一带,32.63,103.6,中共中央; 红一方面军; 红四方面军,4,src_party_chronology_xinhua; src_meetings_xinhua,medium,,,,,,,,,,,,The Shawo Meeting discusses northward movement and reorganization,"After the meeting of the First and Fourth Front Armies, discussions near Shawo addressed the northward strategy and force organization.","Shawo area, Songpan, Sichuan"
TRUE,r4_19350815_maoergai,19350815,19350815,39,red_fourth,会议,毛儿盖会议继续讨论北上与草地行动,在雪山草地前后，红一、红四方面军围绕北上路线、草地行军和部队部署继续讨论，路线分歧逐步加深。,四川松潘毛儿盖,32.45,103.43,中共中央; 红一方面军; 红四方面军,4,src_party_chronology_xinhua; src_meetings_xinhua,medium,,,,,,,,,,,,The Maoergai discussions address the northward route and grassland march,"Before and around the grassland crossings, leaders continued to debate the northward route and deployment.","Maoergai, Songpan, Sichuan"
TRUE,r25_19350817_jingchuan,19350817,19350817,41,red_25th,战斗,红二十五军泾川一带遭遇激战,红二十五军西征北上途中在甘肃泾川一带与敌军激战，继续向陕甘根据地方向推进。,甘肃泾川,35.33,107.37,红二十五军; 吴焕先; 徐海东,4,src_red25_people; src_yongping_people,medium,,,,,,,,,,,,The 25th Red Army fights near Jingchuan,"During its northwestern movement, the 25th Red Army fought near Jingchuan and continued toward the Shaanxi-Gansu base area.","Jingchuan, Gansu"
TRUE,r25_19350817_longde,19350817,19350817,440,red_25th,战斗,攻克隆德后向泾川推进,红二十五军攻克隆德后继续向泾川方向机动，在敌军重压下寻找北上通道。,宁夏隆德,35.62,106.12,红二十五军,4,src_red25_xinhua_2017,medium,,攻克隆德,,,,,,TRUE,,,,Red Twenty-Fifth Army: Battle at 宁夏隆德,This node marks a battle event on the Red Twenty-Fifth Army route near 宁夏隆德 (19350817).,
TRUE,rf_19350820_maoergai,19350820,19350820,32,red_first,会议,毛儿盖会议继续确定北上路线,中共中央在川西北继续围绕北上战略展开部署，随后右路军进入草地。,四川松潘毛儿盖,32.67,103.6,毛泽东; 周恩来; 张闻天; 博古,4,src_meetings_xinhua,medium,,,,,,,,,,,,Red First Front Army: Meeting at 四川松潘毛儿盖,This node marks a meeting event on the Red First Front Army route near 四川松潘毛儿盖 (19350820).,
TRUE,r25_19350821_wuhuanxian_death,19350821,19350821,33,red_25th,牺牲,吴焕先在泾川战斗中牺牲,红二十五军政治委员吴焕先在甘肃泾川四坡村附近战斗中牺牲。人物牺牲节点用于补充长征的个体代价。,甘肃泾川四坡村,35.3,107.37,吴焕先; 红二十五军,5,src_shaanbei_12371,medium,,,,,,,,,,,,Red Twenty-Fifth Army: Sacrifice at 甘肃泾川四坡村,This node marks a sacrifice event on the Red Twenty-Fifth Army route near 甘肃泾川四坡村 (19350821).,
TRUE,rf_19350821_ruoergai,19350821,19350821,34,red_first,险阻,右路军开始过草地,中央红军右路军进入若尔盖草地，面对缺粮、沼泽、高寒等极端困难。,四川若尔盖草地,33.58,102.97,中央红军右路军,5,src_meetings_xinhua,medium,,,,,,,,,,,,Red First Front Army: Hardship at 四川若尔盖草地,This node marks a hardship event on the Red First Front Army route near 四川若尔盖草地 (19350821).,
TRUE,en_19350825_grassland_pressure,19350825,19350825,41,enemy_kmt,追堵,川西北敌军压迫红军草地行动,雪山草地阶段，自然险阻与敌军压迫叠加，部队在饥饿、寒冷和追堵压力中继续北进。,川西北草地周边,33.58,102.96,国民党军; 红军右路军,4,src_epic_people; src_xinhua_overall_stats,medium,,,,,,,,,,,,Enemy pressure accompanies the grassland crossing,"During the snow-mountain and grassland phase, natural hazards and enemy pressure overlapped.",Northwestern Sichuan grasslands
TRUE,rf_19350829_baozuo,19350829,19350829,42,red_first,战斗,包座战斗打开北上通道,右路军走出草地后，在包座一带作战，打开继续北上的通道，使穿越草地后的部队获得喘息与前进条件。,四川若尔盖包座,33.43,103.18,右路军; 红一方面军部队,4,src_epic_people; src_party_chronology_xinhua,medium,,,,,,,,TRUE,,,,The Baozuo Battle opens the route north,"After crossing the grasslands, the right column fought near Baozuo and opened the route for continued movement northward.","Baozuo, Zoige, Sichuan"
TRUE,rfour_19350829_baozuo,19350829,19350829,470,red_fourth,战斗,包座方向配合打开北上道路,红一、红四方面军相关部队在包座方向作战，打开继续北上的道路。,四川若尔盖包座,33.69,103.24,红四方面军; 红一方面军,4,src_cpc_century,medium,,打开北上通道,,,,,,TRUE,,,,Red Fourth Front Army: Battle at 四川若尔盖包座,This node marks a battle event on the Red Fourth Front Army route near 四川若尔盖包座 (19350829).,
TRUE,rf_19350909_baxi,19350909,19350909,44,red_first,会议,巴西会议后红一方面军单独北上,张国焘拒绝执行北上方针并率部南下后，中共中央在巴西一带作出继续北上的决定，红一方面军独自向陕甘方向推进。,四川若尔盖巴西,33.58,102.96,毛泽东; 周恩来; 张闻天; 红一方面军,5,src_party_chronology_xinhua; src_meetings_xinhua,medium,,,,,,,,,,,,"After the Baxi discussions, the First Front Army continues north alone","After Zhang Guotao rejected the northward line, the central leadership around Baxi decided to continue north toward the Shaanxi-Gansu area.","Baxi, Zoige, Sichuan"
TRUE,rf_19350912_ejie,19350912,19350912,35,red_first,会议,俄界会议决定继续北上,中共中央在俄界召开会议，批判分裂活动，决定率陕甘支队继续北上。,甘肃迭部俄界,34.05,103.1,毛泽东; 张闻天; 周恩来,5,src_meetings_xinhua,medium,,,,,,,,,,,,Red First Front Army: Meeting at 甘肃迭部俄界,This node marks a meeting event on the Red First Front Army route near 甘肃迭部俄界 (19350912).,
TRUE,r25_19350915_yongping_arrive,19350915,19350915,36,red_25th,到达,红二十五军到达陕北永坪,红二十五军辗转到达陕北延川永坪镇，成为到达陕北较早的一支长征队伍。,陕西延川永坪,36.88,110.18,徐海东; 程子华; 红二十五军,5,src_yongping_people; src_shaanbei_12371,medium,,,,,,,,,,,,Red Twenty-Fifth Army: Arrival at 陕西延川永坪,This node marks a arrival event on the Red Twenty-Fifth Army route near 陕西延川永坪 (19350915).,
TRUE,r25_19350918_yongping_meeting,19350916,19350916,38,red_25th,会师,红二十五军与陕甘红军永坪会师,红二十五军与红二十六军、红二十七军在永坪举行会师庆祝活动。两军会师后合编为红十五军团，徐海东任军团长，刘志丹任副军团长。,陕西延川永坪,36.88,110.18,红二十五军; 红二十六军; 红二十七军; 徐海东; 刘志丹,5,src_yongping_people,medium,,,,,,,,,,,,Red Twenty-Fifth Army: Convergence at 陕西延川永坪,This node marks a convergence event on the Red Twenty-Fifth Army route near 陕西延川永坪 (19350916).,
TRUE,rf_19350917_lazikou,19350917,19350917,37,red_first,战斗,突破腊子口,红军攻克天险腊子口，打开北上甘南通道。,甘肃迭部腊子口,34.07,103.22,中央红军,5,src_zunyi_hunan,medium,,,,,,,22200,TRUE,,,,Red First Front Army: Battle at 甘肃迭部腊子口,This node marks a battle event on the Red First Front Army route near 甘肃迭部腊子口 (19350917).,
TRUE,sha_19350918_yongping_meeting,19350918,19350918,39,shaanbei_red,会师,陕甘红军迎接红二十五军,陕甘红军与红二十五军在永坪会师，增强了西北革命根据地军事力量，也为迎接中央红军北上创造条件。,陕西延川永坪,36.88,110.18,刘志丹; 徐海东; 红二十六军; 红二十七军; 红二十五军,5,src_yongping_people; src_shaanbei_12371,medium,,,,,,,,,,,,Shaan-Gan: Convergence at 陕西延川永坪,This node marks a convergence event on the Shaan-Gan route near 陕西延川永坪 (19350918).,
TRUE,sha_19350918_red15,19350918,19350918,48,shaanbei_red,整编,红十五军团成立，西北红军力量增强,红二十五军与陕甘红军会师后，合编为红十五军团，陕北根据地的正规红军力量显著增强，也为中央红军抵达提供了更坚实的军事依托。,陕西延川永坪,36.87,110.23,徐海东; 程子华; 刘志丹; 红二十五军; 红二十六军; 红二十七军,5,src_yongping_people; src_shaanbei_12371,medium,,,,,,,,,,,,The 15th Red Army Corps is formed after the Yongping convergence,"After the 25th Red Army met the Shaanxi-Gansu Red Army, the 15th Red Army Corps was formed, strengthening the northern Shaanxi base.","Yongping, Yanchuan, Shaanxi"
TRUE,rf_19350920_hadapu,19350920,19350920,40,red_first,决策,哈达铺决定前往陕北,中央红军在哈达铺获得陕北红军和根据地信息，决定向陕北进军，使长征落脚点进一步明确。,甘肃宕昌哈达铺,34.33,104.47,毛泽东; 周恩来; 中央红军,5,src_shaanbei_12371,medium,,,,,,,,,,,,Red First Front Army: Decision at 甘肃宕昌哈达铺,This node marks a decision event on the Red First Front Army route near 甘肃宕昌哈达铺 (19350920).,
TRUE,rf_19350923_minshan,19350923,19350923,515,red_first,雪山,翻越岷山余脉，望见陕甘方向,突破腊子口后，中央红军继续翻越岷山余脉，向陕甘革命根据地靠近。,甘肃岷山/哈达铺以北,34.2,104.25,中央红军,5,src_qilv_people; src_qilv_dangjian_2024,medium,,,,,,,,,更喜岷山千里雪,翻过雪山后的喜悦,岷山的雪不是浪漫景色，而是饥寒、疲惫与生死考验。越过岷山，陕北方向逐渐清晰，长征进入胜利前夜。,Red First Front Army: Snow mountain crossing at 甘肃岷山/哈达铺以北,This node marks a snow mountain crossing event on the Red First Front Army route near 甘肃岷山/哈达铺以北 (19350923).,
TRUE,rf_19350927_bangluo,19350927,19350927,520,red_first,会议,榜罗镇会议最终确定落脚陕北,中央政治局在榜罗镇召开会议，进一步明确到陕北与陕甘红军会合的战略方向。,甘肃通渭榜罗镇,35.04,105.3,中共中央政治局; 毛泽东; 周恩来; 张闻天,5,src_cpc_century,high,,,,,,,,,,,,Red First Front Army: Meeting at 甘肃通渭榜罗镇,This node marks a meeting event on the Red First Front Army route near 甘肃通渭榜罗镇 (19350927).,
TRUE,sha_19351001_laoshan,19351001,19351001,41,shaanbei_red,战役,红十五军团组织劳山战役,红二十五军与陕甘红军合编后，在刘志丹、徐海东等指挥下组织劳山战役，打击敌军“围剿”，为迎接中央红军创造有利条件。,陕西甘泉劳山,36.26,109.4,刘志丹; 徐海东; 红十五军团,4,src_shaanbei_12371,medium,,,,,,,,,,,,Shaan-Gan: Campaign at 陕西甘泉劳山,This node marks a campaign event on the Shaan-Gan route near 陕西甘泉劳山 (19351001).,
TRUE,r4_19351005_zhuomudiao,19351005,19351005,42,red_fourth,分歧,卓木碉会议与张国焘另立“中央”,张国焘在卓木碉另立“中央”，造成党和红军内部严重分裂风险。该节点用于呈现红四方面军路线中的政治分歧。,四川马尔康卓木碉,31.9,102.22,张国焘; 红四方面军部分领导人,5,src_meetings_xinhua,medium,,,,,,,,,,,,Red Fourth Front Army: Dispute at 四川马尔康卓木碉,This node marks a dispute event on the Red Fourth Front Army route near 四川马尔康卓木碉 (19351005).,
TRUE,rf_19351007_liupanshan,19351007,19351007,43,red_first,战斗,翻越六盘山并击退追敌,中央红军越过六盘山地区，接近陕甘根据地。,宁夏六盘山,35.58,106.22,中央红军,4,src_cpc_century,medium,,,,,,,,TRUE,,,,Red First Front Army: Battle at 宁夏六盘山,This node marks a battle event on the Red First Front Army route near 宁夏六盘山 (19351007).,
TRUE,rf_19351019_wuqi,19351019,19351019,44,red_first,到达,中央红军到达吴起镇,中央红军到达陕北吴起镇，与陕北根据地接通，中央红军长征胜利结束。,陕西吴起镇,36.93,108.18,毛泽东; 周恩来; 彭德怀; 中央红军,5,src_cpc_century; src_shaanbei_12371,medium,,,,,,,25000,,,,,Red First Front Army: Arrival at 陕西吴起镇,This node marks a arrival event on the Red First Front Army route near 陕西吴起镇 (19351019).,
TRUE,sha_19351019_wuqi_welcome,19351019,19351019,52,shaanbei_red,会师,陕甘红军迎接中央红军到达吴起镇,中央红军到达吴起镇时，西北根据地已由刘志丹、谢子长、习仲勋等长期经营形成，红军主力终于找到落脚点。,陕西吴起镇,36.93,108.17,中央红军; 陕甘红军; 刘志丹,5,src_shaanbei_12371; src_xinhua_25000,medium,,,,,,,,,,,,The Shaanxi-Gansu Red Army welcomes the Central Red Army at Wuqi,"When the Central Red Army reached Wuqi, the northwestern base—built over years by local revolutionaries—became the landing point of the Long March.","Wuqi, Shaanxi"
TRUE,rf_19351021_wuqi_tail,19351021,19351021,53,red_first,战斗,吴起镇“切尾巴”战斗击退追敌,中央红军到达陕北后，在吴起镇附近击退尾追之敌，巩固落脚陕北的军事态势。,陕西吴起镇,36.93,108.17,中央红军; 追击敌军,4,src_epic_people; src_party_chronology_xinhua,medium,,,,,,,,TRUE,,,,The Wuqi fighting drives off pursuing forces,"After reaching northern Shaanxi, the Central Red Army fought near Wuqi to repel pursuing forces and consolidate its foothold.","Wuqi, Shaanxi"
TRUE,sha_19351025_yulinqiao,19351025,19351025,45,shaanbei_red,战役,红十五军团榆林桥战斗,红十五军团继续打击敌军，为巩固陕甘根据地和迎接中央红军创造条件。,陕西甘泉榆林桥,36.31,109.33,刘志丹; 徐海东; 红十五军团,4,src_shaanbei_12371,medium,,,,,,,,,,,,Shaan-Gan: Campaign at 陕西甘泉榆林桥,This node marks a campaign event on the Shaan-Gan route near 陕西甘泉榆林桥 (19351025).,
TRUE,r2_19351101_hejiesheng_birth,19351101,19351101,46,red_second,诞生,贺捷生出生，随后成为长征路上的婴儿,贺龙与蹇先任的女儿贺捷生出生。红二、六军团出发时，她刚出生18天，成为随军长征的婴儿。,湖南桑植洪家关/刘家坪一带,29.4,110.17,贺捷生; 贺龙; 蹇先任,4,src_red2_start_12371,medium,,,,,,,,,,,,Red Second Front Army: Birth at 湖南桑植洪家关/刘家坪一带,This node marks a birth event on the Red Second Front Army route near 湖南桑植洪家关/刘家坪一带 (19351101).,
TRUE,r4_19351115_baizhangguan,19351115,19351115,50,red_fourth,战役,红四方面军南下受挫，百丈关战役前后损失严重,红四方面军南下后与川军激战，部队遭受重大损失，随后战略处境更加困难。此节点用于解释其后北上与会师的背景。,四川雅安百丈关,30.1,103.05,红四方面军; 徐向前; 张国焘,4,src_meetings_xinhua,month,,,,,,,,,,,,Red Fourth Front Army: Campaign at 四川雅安百丈关,This node marks a campaign event on the Red Fourth Front Army route near 四川雅安百丈关 (19351115).,
TRUE,r2_19351119_sangzhi_start,19351119,19351119,47,red_second,启程,红二、六军团从桑植开始长征,红二、红六军团主力一万七千多人离开湘鄂川黔苏区，从湖南桑植刘家坪和轿子垭地区出发，开始长征。,湖南桑植刘家坪/轿子垭,29.4,110.17,贺龙; 任弼时; 关向应; 萧克; 王震; 贺捷生,5,src_red2_start_12371,medium,,,,,,,,,,,,Red Second Front Army: Start at 湖南桑植刘家坪/轿子垭,This node marks a start event on the Red Second Front Army route near 湖南桑植刘家坪/轿子垭 (19351119).,
TRUE,r2_19351101_hejiesheng_start,19351119,19351119,612,red_second,生活,贺捷生出生18天后随军踏上长征路,红二、六军团出发时，贺龙之女贺捷生出生仅18天，被装在马背上的箩筐里随军前行，成为长征中最小的亲历者之一。,湖南桑植刘家坪/洪家关,29.4,110.16,贺捷生; 贺龙; 蹇先任; 红二、六军团,5,src_hejiesheng_cppcc; src_red2_start_12371,high,,,,,,,,,,,,Red Second Front Army: Life at 湖南桑植刘家坪/洪家关,This node marks a life event on the Red Second Front Army route near 湖南桑植刘家坪/洪家关 (19351119).,
TRUE,r2_19351120_lishui,19351120,19351120,56,red_second,渡河,红二、六军团渡过澧水，贺捷生随军前行,红二、六军团出发后急行军渡过澧水。出生仅18天的贺捷生由母亲和战友照护随军前行，呈现长征中家庭、生命与战争交织的另一面。,湖南桑植澧水一线,29.4,110.16,贺捷生; 贺龙; 蹇先任; 红二、六军团,4,src_red2_start_12371; src_hejiesheng_cppcc,medium,,,,,,,,,,,,The Second and Sixth Corps cross the Lishui; infant He Jiesheng travels with the column,"Soon after departure, the Second and Sixth Corps crossed the Lishui. He Jiesheng, only eighteen days old, was carried with the column.","Lishui line near Sangzhi, Hunan"
TRUE,rf_19351121_zhiluozhen,19351121,19351121,48,red_first,战役,直罗镇战役,中央红军与陕北红军协同作战，粉碎敌军对陕甘根据地的“围剿”，巩固长征落脚点。,陕西富县直罗镇,36.0,109.37,中央红军; 陕北红军; 毛泽东; 彭德怀,5,src_shaanbei_12371,medium,,,,,,,,,,,,Red First Front Army: Campaign at 陕西富县直罗镇,This node marks a campaign event on the Red First Front Army route near 陕西富县直罗镇 (19351121).,
TRUE,sha_19351121_zhiluozhen_support,19351121,19351121,49,shaanbei_red,战役,陕北红军参加直罗镇战役,陕北红军与中央红军联合作战，长征落脚点由“到达”转入“巩固”。,陕西富县直罗镇,36.0,109.37,刘志丹; 红十五军团; 中央红军,5,src_shaanbei_12371,medium,,,,,,,,,,,,Shaan-Gan: Campaign at 陕西富县直罗镇,This node marks a campaign event on the Shaan-Gan route near 陕西富县直罗镇 (19351121).,
TRUE,rf_19351217_wayao,19351217,19351217,58,red_first,会议,瓦窑堡会议提出抗日民族统一战线策略,中共中央在瓦窑堡召开政治局会议，分析华北事变后的国内形势，提出建立抗日民族统一战线的策略方针，长征落脚点进一步转化为抗日前进出发点。,陕西子长瓦窑堡,37.14,109.67,中共中央政治局; 毛泽东; 张闻天; 周恩来,5,src_party_chronology_xinhua; src_shaanbei_12371,medium,,,,,,,,,,,,The Wayaobao Meeting advances the anti-Japanese united-front strategy,"At Wayaobao, the central leadership analyzed the national situation and advanced the strategy of an anti-Japanese national united front.","Wayaobao, Zichang, Shaanxi"
TRUE,r2_19351220_xiangexiangqian,19351220,19351220,51,red_second,转进,红二、六军团转战湘鄂川黔边,红二、六军团离开根据地后在湘、鄂、川、黔边境机动作战，继续摆脱敌军围堵。,湘鄂川黔边境,29.2,109.1,贺龙; 任弼时; 关向应,3,src_red2_start_12371,month,,,,,,,,,,,,Red Second Front Army: March at 湘鄂川黔边境,This node marks a march event on the Red Second Front Army route near 湘鄂川黔边境 (19351220).,
TRUE,r2_19360115_guizhou_transfer,19360115,19360115,52,red_second,转进,红二、六军团向贵州石阡、镇远、黄平方向转移,红二、六军团进入贵州，开展机动作战，为进入乌蒙山区创造条件。,贵州石阡/镇远/黄平一带,27.05,108.05,贺龙; 任弼时,3,src_red2_start_12371,month,,,,,,,,,,,,Red Second Front Army: March at 贵州石阡/镇远/黄平一带,This node marks a march event on the Red Second Front Army route near 贵州石阡/镇远/黄平一带 (19360115).,
TRUE,r2_19360209_bijie_people,19360209,19360209,63,red_second,根据,红二、六军团在毕节开展群众动员,红二、六军团转战黔西北期间，在毕节一带宣传抗日、发动群众、建立政权，补充了长征不只是行军作战，也包含政治动员与地方建设的层面。,贵州毕节,27.3,105.29,贺龙; 任弼时; 关向应; 当地群众,4,src_red2_start_12371; src_epic_people,medium,,,,,,,,,,,,The Second and Sixth Corps mobilize local people around Bijie,"In northwestern Guizhou, the corps carried out propaganda, mass mobilization and local political work around Bijie.","Bijie, Guizhou"
TRUE,r2_19360215_bijie_base,19360215,19360215,53,red_second,根据,红二、六军团转战毕节并建立地方革命政权,红二、六军团在黔西北毕节地区活动，建立地方革命委员会和地方武装，宣传抗日民族统一战线。,贵州毕节,27.3,105.29,贺龙; 任弼时; 红二、六军团,4,src_red2_start_12371,month,,,,,,,,,,,,Red Second Front Army: Base building at 贵州毕节,This node marks a base building event on the Red Second Front Army route near 贵州毕节 (19360215).,
TRUE,en_19360220_wumeng_encircle,19360220,19360220,668,enemy_kmt,围堵,国民党军多路围追红二、六军团,面对多路敌军尾追侧击，红二、六军团进入乌蒙山区展开回旋机动作战。,乌蒙山区周边,27.6,104.9,国民党军; 红二、六军团,3,src_wumeng_people_2023,medium,,,,,,,,,,,,KMT forces: Encirclement at 乌蒙山区周边,This node marks a encirclement event on the KMT forces route near 乌蒙山区周边 (19360220).,
TRUE,r2_19360227_wumeng_mid,19360227,19360227,672,red_second,战役,乌蒙山中部回旋，牵制多路追敌,红二、六军团在乌蒙山区反复回旋，利用复杂地形牵制和摆脱敌军重兵。,乌蒙山区,27.85,104.75,贺龙; 萧克; 任弼时; 红二、六军团,4,src_wumeng_people_2023,medium,,牵制并摆脱多路追敌,,,,,,TRUE,,,,Red Second Front Army: Campaign at 乌蒙山区,This node marks a campaign event on the Red Second Front Army route near 乌蒙山区 (19360227).,
TRUE,r4_19360301_kangbei,19360301,19360301,65,red_fourth,转进,红四方面军在川康边整顿后准备北上,南下受挫后，红四方面军在川康边地区整顿、筹粮、恢复力量，随后与红二、六军团会合并重新北上。,四川甘孜一带,31.62,100.0,徐向前; 陈昌浩; 张国焘; 红四方面军,4,src_meetings_xinhua; src_epic_people,medium,,,,,,,,,,,,The Fourth Front Army regroups near the Sichuan-Kham border,"After setbacks in the southward movement, the Fourth Front Army regrouped around the Sichuan-Kham border before meeting the Second and Sixth Corps and moving north again.","Garze area, Sichuan"
TRUE,r2_19360302_wumeng_start,19360302,19360302,64,red_second,战役,乌蒙山回旋战开始,红二、六军团在乌蒙山区与优势敌军周旋，以大范围机动摆脱围追堵截，成为红二方面军长征叙事中的关键战役群。,云南威信/贵州毕节乌蒙山区,27.85,105.05,贺龙; 任弼时; 红二、六军团,5,src_epic_people; src_wumeng_people_2023; src_red2_start_12371; src_qilv_people,medium,,,,,,,,TRUE,乌蒙磅礴走泥丸,乌蒙山的回旋,乌蒙山区山势磅礴，红军在强敌夹击中辗转机动，把险峻山地化为摆脱围堵的空间。,The Wumeng Mountain maneuver begins,The Second and Sixth Corps maneuvered through the Wumeng Mountains to evade superior enemy forces.,"Wumeng Mountains, Yunnan-Guizhou border"
TRUE,en_19360310_wumeng_chase,19360310,19360310,66,enemy_kmt,追堵,敌军围追红二、六军团于乌蒙山区,红二、六军团在乌蒙山区大范围回旋时，敌军依托多路兵力围追堵截，红军以机动作战摆脱重围。,乌蒙山区,27.6,104.8,国民党军; 红二、六军团,4,src_epic_people; src_red2_start_12371,medium,,,,,,,,,,,,Enemy forces pursue the Second and Sixth Corps in the Wumeng Mountains,"Enemy forces pursued and tried to encircle the Second and Sixth Corps in the Wumeng Mountains, while the Red Army maneuvered out of danger.",Wumeng Mountains
TRUE,rf_19360315_dongzheng,19360315,19360315,55,red_first,根据,中央红军东征，推动陕甘根据地向抗日前沿展开,中央到达陕北后，红军开展东征等行动，陕北落脚点开始转化为抗日出发点。此为长征后续展开节点。,陕北黄河西岸,37.2,110.3,毛泽东; 彭德怀; 中央红军,3,src_liuzhidan_mva,month,,,,,,,,,,,,Red First Front Army: Base building at 陕北黄河西岸,This node marks a base building event on the Red First Front Army route near 陕北黄河西岸 (19360315).,
TRUE,r2_19360328_wumeng,19360328,19360328,54,red_second,战役,乌蒙山回旋战突破重围,红二、六军团在乌蒙山区反复机动，牵制和摆脱敌军，保存部队并继续西进。,滇黔交界乌蒙山,26.22,104.1,贺龙; 任弼时; 萧克; 王震,5,src_wumeng_people_2023; src_red2_start_12371; src_qilv_people,medium,,,,,,,,TRUE,乌蒙磅礴走泥丸,乌蒙山的回旋,乌蒙山区山势磅礴，红军在强敌夹击中辗转机动，把险峻山地化为摆脱围堵的空间。,Red Second Front Army: Campaign at 滇黔交界乌蒙山,This node marks a campaign event on the Red Second Front Army route near 滇黔交界乌蒙山 (19360328).,
TRUE,sha_19360414_liuzhidan_death,19360414,19360414,56,shaanbei_red,牺牲,刘志丹在东征战斗中牺牲,刘志丹率红二十八军参加东征，1936年4月14日在山西中阳县三交镇战斗中侦察敌情时中弹牺牲，年仅33岁。,山西中阳三交镇,37.33,111.18,刘志丹; 红二十八军,5,src_liuzhidan_mva,medium,,,,,,,,,,,,Shaan-Gan: Sacrifice at 山西中阳三交镇,This node marks a sacrifice event on the Shaan-Gan route near 山西中阳三交镇 (19360414).,
TRUE,r4_19360415_cancel_second_center,19360415,19360415,58,red_fourth,转折,张国焘被迫取消另立“中央”,在党中央争取和红四方面军指战员要求下，张国焘被迫取消另立的“中央”，为红二、红四会师和共同北上铺路。,四川甘孜一带,31.62,100.0,张国焘; 朱德; 徐向前,5,src_meetings_xinhua,month,,,,,,,,,,,,Red Fourth Front Army: Turning point at 四川甘孜一带,This node marks a turning point event on the Red Fourth Front Army route near 四川甘孜一带 (19360415).,
TRUE,r2_19360425_shigu,19360425,19360425,57,red_second,渡河,红二、六军团石鼓渡过金沙江,红二、六军团从云南石鼓一带渡过金沙江，继续向川西北前进。,云南丽江石鼓,26.88,100.23,贺龙; 任弼时,5,src_red2_start_12371; src_qilv_dangjian_2024; src_qilv_people,medium,,,,,,,,,金沙水拍云崖暖,金沙江的“暖”,在皎平渡一带渡过金沙江后，中央红军甩开追敌，获得战略主动。诗句中的“暖”，指向绝处逢生后的舒展与希望。,Red Second Front Army: River crossing at 云南丽江石鼓,This node marks a river crossing event on the Red Second Front Army route near 云南丽江石鼓 (19360425).,
TRUE,r2_19360425_shigu_poem,19360425,19360425,720,red_second,渡河,石鼓渡过金沙江，继续向康区北上,红二、六军团在石鼓一带渡过金沙江，摆脱尾追敌军，向康区和甘孜方向推进。,云南丽江石鼓,26.9,99.95,红二、六军团,4,src_red2_start_12371; src_qilv_people,medium,,,,,,,,,金沙水拍云崖暖,另一支队伍的金沙江,金沙江不仅是中央红军的转折河流，也是红二、六军团北上的关键天险。渡江之后，队伍向甘孜会师方向推进。,Red Second Front Army: River crossing at 云南丽江石鼓,This node marks a river crossing event on the Red Second Front Army route near 云南丽江石鼓 (19360425).,
TRUE,r2_19360505_zhongdian,19360505,19360505,59,red_second,民族,红二、六军团经过藏区并继续北上,红二、六军团经过滇川藏交界地区，行军中需要处理民族地区补给、向导与群众关系。此节点用于表现除彝海结盟外，长征中广泛存在的民族地区协调。,云南中甸/香格里拉一带,27.83,99.7,红二、六军团; 当地群众,3,src_red2_start_12371,month,,,,,,,,,,,,Red Second Front Army: Alliance at 云南中甸/香格里拉一带,This node marks a alliance event on the Red Second Front Army route near 云南中甸/香格里拉一带 (19360505).,
TRUE,r2_19360518_xueshan,19360518,19360518,735,red_second,雪山,红二、六军团翻越雪山进入康区,红二、六军团在雪山峡谷中继续北上，饥寒、缺氧与敌军追击交织，行军极为艰苦。,川滇康边雪山地带,29.35,99.7,红二、六军团,4,src_red2_start_12371,medium,,,,,,,,,,,,Red Second Front Army: Snow mountain crossing at 川滇康边雪山地带,This node marks a snow mountain crossing event on the Red Second Front Army route near 川滇康边雪山地带 (19360518).,
TRUE,r2_19360520_xikang_tibetan,19360520,19360520,68,red_second,民族,红二、六军团经过康区开展民族工作,红二、六军团北上途中进入康区和藏族聚居区，依靠纪律、宣传与协商争取通行和补给，丰富了长征中的民族关系叙事。,四川甘孜康区,31.62,100.0,红二、六军团; 藏族群众,4,src_epic_people; src_red2_start_12371,medium,,,,,,,,,,,,The Second and Sixth Corps conduct ethnic work in the Kham area,"While moving north, the corps entered Tibetan-inhabited areas and relied on discipline, negotiation and propaganda to secure passage and supplies.","Kham area, Garze, Sichuan"
TRUE,rf_19360601_xizheng,19360601,19360601,62,red_first,根据,红军西征巩固扩大陕甘宁区域,中央红军到达陕北后，通过西征等行动巩固扩大陕甘宁区域，长征落脚点进一步转化为战略基地。,陕甘宁边区一带,36.7,107.4,中央红军; 陕甘红军,3,src_shaanbei_12371,range,,,,,,,,,,,,Red First Front Army: Base building at 陕甘宁边区一带,This node marks a base building event on the Red First Front Army route near 陕甘宁边区一带 (19360601).,
TRUE,r2_19360603_ganzi_meeting,19360603,19360603,60,red_second,会师,红二、六军团与红四方面军甘孜会师,红二、六军团与红四方面军在甘孜会师，随后共同谋划北上。,四川甘孜,31.62,100.0,贺龙; 任弼时; 朱德; 张国焘; 徐向前,5,src_meetings_xinhua,medium,,,,,,,,,,,,Red Second Front Army: Convergence at 四川甘孜,This node marks a convergence event on the Red Second Front Army route near 四川甘孜 (19360603).,
TRUE,r4_19360603_ganzi_meeting,19360603,19360603,61,red_fourth,会师,红四方面军与红二、六军团甘孜会师,红四方面军在甘孜与红二、六军团会师。该事件作为红四方面军自身路线节点，连线只接红四方面军前一事件。,四川甘孜,31.62,100.0,红四方面军; 红二、六军团,5,src_meetings_xinhua,medium,,,,,,,,,,,,Red Fourth Front Army: Convergence at 四川甘孜,This node marks a convergence event on the Red Fourth Front Army route near 四川甘孜 (19360603).,
TRUE,rfour_19360703_ganzi_meeting,19360703,19360703,766,red_fourth,会议,甘孜会议明确共同北上,红二、红四方面军会师后，在甘孜召开会议，明确北上与中共中央会合的行动方针。,四川甘孜,31.62,100.0,朱德; 任弼时; 贺龙; 刘伯承; 关向应; 红二方面军; 红四方面军,5,src_ganzi_12371,high,,,,,,,,,,,,Red Fourth Front Army: Meeting at 四川甘孜,This node marks a meeting event on the Red Fourth Front Army route near 四川甘孜 (19360703).,
TRUE,r2_19360705_red_second_formed,19360705,19360705,63,red_second,整编,红二、六军团与红三十二军合编为红二方面军,红二、红六军团与红三十二军在甘孜地区合编为红二方面军，贺龙任总指挥，任弼时任政治委员。,四川甘孜,31.62,100.0,贺龙; 任弼时; 关向应; 萧克; 王震,5,src_meetings_xinhua,medium,,,,,,,,,,,,Red Second Front Army: Reorganization at 四川甘孜,This node marks a reorganization event on the Red Second Front Army route near 四川甘孜 (19360705).,
TRUE,r4_19360710_northward,19360710,19360710,64,red_fourth,转进,红四方面军从甘孜北上,红四方面军与红二方面军从甘孜地区出发，途经阿坝、包座等地，越过雪山草地，向甘南推进。,四川甘孜北上路段,32.0,101.0,徐向前; 朱德; 张国焘,4,src_meetings_xinhua,range,,,,,,,,,,,,Red Fourth Front Army: March at 四川甘孜北上路段,This node marks a march event on the Red Fourth Front Army route near 四川甘孜北上路段 (19360710).,
TRUE,r2_19360710_northward,19360710,19360710,65,red_second,转进,红二方面军从甘孜北上,红二方面军与红四方面军会师后共同北上，进入雪山草地路线。,四川甘孜北上路段,32.0,101.0,贺龙; 任弼时; 红二方面军,4,src_meetings_xinhua,range,,,,,,,,,,,,Red Second Front Army: March at 四川甘孜北上路段,This node marks a march event on the Red Second Front Army route near 四川甘孜北上路段 (19360710).,
TRUE,r4_19360815_grassland,19360815,19360815,66,red_fourth,险阻,红四方面军再次经过雪山草地,红四方面军北上途中越过雪山草地，部队承受高寒、缺粮与疾病考验。,川西北草地,33.3,102.7,红四方面军,4,src_meetings_xinhua,month,,,,,,,,,,,,Red Fourth Front Army: Hardship at 川西北草地,This node marks a hardship event on the Red Fourth Front Army route near 川西北草地 (19360815).,
TRUE,r2_19360820_grassland,19360820,19360820,67,red_second,险阻,红二方面军通过草地抵近甘南,红二方面军通过草地，进抵甘南地区，随后开展成徽两康等行动。,川甘交界草地,33.2,102.9,红二方面军,4,src_meetings_xinhua,month,,,,,,,,,,,,Red Second Front Army: Hardship at 川甘交界草地,This node marks a hardship event on the Red Second Front Army route near 川甘交界草地 (19360820).,
TRUE,r4_19360901_lazikou_gannan,19360901,19360901,76,red_fourth,转进,红四方面军向甘南推进，接近会宁方向,红四方面军走出川西北后向甘南、陇东南推进，逐步靠近红一方面军接应区域，会师态势开始显现。,甘肃岷县/漳县一带,34.44,104.04,红四方面军,4,src_meetings_xinhua; src_epic_people,medium,,,,,,,,,,,,The Fourth Front Army advances toward southern Gansu and Huining,"After leaving northwestern Sichuan, the Fourth Front Army advanced toward southern Gansu and the Huining area.","Minxian-Zhangxian area, Gansu"
TRUE,r4_19360910_gannan_control,19360910,19360910,68,red_fourth,到达,红四方面军进入甘南并控制漳县、渭源、通渭等地区,红四方面军北上后进入甘肃南部，控制漳县、渭源、通渭等地区，为会宁会师铺开路线。,甘肃通渭/渭源/漳县一带,35.2,105.2,红四方面军,4,src_meetings_xinhua,range,,,,,,,,,,,,Red Fourth Front Army: Arrival at 甘肃通渭/渭源/漳县一带,This node marks a arrival event on the Red Fourth Front Army route near 甘肃通渭/渭源/漳县一带 (19360910).,
TRUE,r2_19360915_chenghuiliangkang,19360915,19360915,69,red_second,战役,红二方面军占领成县、徽县、两当、康县等地,红二方面军在甘肃南部开展成徽两康行动，扩大活动区域，随后向北转移。,甘肃成县/徽县/两当/康县一带,33.75,105.73,红二方面军,4,src_meetings_xinhua,range,,,,,,,,,,,,Red Second Front Army: Campaign at 甘肃成县/徽县/两当/康县一带,This node marks a campaign event on the Red Second Front Army route near 甘肃成县/徽县/两当/康县一带 (19360915).,
TRUE,en_19361001_gansu_pressure,19361001,19361001,80,enemy_kmt,围堵,甘肃东北部敌军试图阻止红军会师,三大主力红军接近会师阶段，敌军仍试图在甘肃、宁夏周边阻止红军汇合，但会宁、将台堡会师最终完成。,甘肃会宁—宁夏将台堡一线,35.7,105.35,国民党军; 红一方面军; 红二方面军; 红四方面军,4,src_jiangtaibao_12371; src_meetings_xinhua,medium,,,,,,,,,,,,Enemy forces attempt to prevent final convergence in northeastern Gansu,"As the main Red Army forces approached convergence, enemy forces still tried to prevent them from meeting around Gansu and Ningxia.",Huining-Jiangtaibao line
TRUE,r2_19361004_weihe_north,19361004,19361004,70,red_second,转进,红二方面军渡渭河北上,红二方面军经中央同意放弃甘南地区，开始渡渭河向北转移，奔向会师区域。,甘肃渭河一线,34.6,105.7,红二方面军,4,src_meetings_xinhua,medium,,,,,,,,,,,,Red Second Front Army: March at 甘肃渭河一线,This node marks a march event on the Red Second Front Army route near 甘肃渭河一线 (19361004).,
TRUE,r4_19361009_huining,19361009,19361009,71,red_fourth,会师,红四方面军与红一方面军会宁会师,红四方面军同红一方面军在甘肃会宁会师。这是三大主力会师过程中的关键节点之一。,甘肃会宁,35.7,105.05,红四方面军; 红一方面军,5,src_meetings_xinhua,medium,,,,,,,,,,,,Red Fourth Front Army: Convergence at 甘肃会宁,This node marks a convergence event on the Red Fourth Front Army route near 甘肃会宁 (19361009).,
TRUE,rf_19361009_huining,19361009,19361009,72,red_first,会师,红一方面军在会宁迎接红四方面军,红一方面军部分兵力控制会宁、界石铺、将台堡等地，接应红四方面军北上会师。,甘肃会宁,35.7,105.05,红一方面军; 红四方面军,5,src_meetings_xinhua,medium,,,,,,,,,,,,Red First Front Army: Convergence at 甘肃会宁,This node marks a convergence event on the Red First Front Army route near 甘肃会宁 (19361009).,
TRUE,rf_19361022_jiangtaibao,19361022,19361022,73,red_first,会师,红一方面军在将台堡迎接红二方面军,1936年10月22日，红一、红二方面军在将台堡胜利会师。该节点与10月9日会宁会师共同构成三大主力会师完成的历史过程。,宁夏西吉将台堡,35.93,105.88,红一方面军; 红二方面军,5,src_jiangtaibao_12371; src_jiangtaibao_cppcc,medium,,,,,,,,,,,,Red First Front Army: Convergence at 宁夏西吉将台堡,This node marks a convergence event on the Red First Front Army route near 宁夏西吉将台堡 (19361022).,
TRUE,r2_19361022_jiangtaibao,19361022,19361022,74,red_second,会师,红二方面军到达将台堡，三大主力会师完成,红二方面军总指挥部及红二军团到达将台堡，与红一方面军胜利会师。至此，红一、红二、红四方面军三大主力会师完成，红军长征胜利结束。,宁夏西吉将台堡,35.93,105.88,贺龙; 任弼时; 红二方面军; 红一方面军,5,src_jiangtaibao_12371; src_jiangtaibao_cppcc; src_meetings_xinhua,medium,,,,,,,,,,,,Red Second Front Army: Convergence at 宁夏西吉将台堡,This node marks a convergence event on the Red Second Front Army route near 宁夏西吉将台堡 (19361022).,
TRUE,sha_19361022_landingpoint,19361022,19361022,75,shaanbei_red,胜利,陕甘根据地成为长征落脚点与抗战出发点,各路红军会师后，陕甘根据地作为落脚点的意义进一步显现，并逐渐成为全民族抗战的重要出发点。,陕甘宁区域,36.7,108.5,陕甘红军; 各路红军,5,src_shaanbei_12371,medium,,,,,,,,,,,,Shaan-Gan: Victory at 陕甘宁区域,This node marks a victory event on the Shaan-Gan route near 陕甘宁区域 (19361022).,
TRUE,all_19361022_final_stats,19361022,19361022,999,shaanbei_red,胜利,四路红军长征汇入陕甘宁，新的出发点形成,到1936年10月，几路红军在西北完成战略汇合。长征保存了革命骨干，也使陕甘宁区域成为中国革命新的大本营。,陕甘宁区域,36.6,107.6,红一方面军; 红二方面军; 红四方面军; 红二十五军; 陕甘红军,5,src_stats_xinhua_2016; src_stats_people_2021,high,,长征胜利结束,,,,,,,,,,Shaan-Gan: Victory at 陕甘宁区域,This node marks a victory event on the Shaan-Gan route near 陕甘宁区域 (19361022).,
